{"train_loss": [4.508920981837254, 3.6131237048728795, 3.002693446477254, 2.5124365526087145, 2.134481846117506, 1.8709143690034455, 1.67045452968747, 1.5497053487628114, 1.5383405400257484, 1.5189087708791098, 1.5316836389840818, 1.5193565176982506, 1.491802869123571, 1.4724343042747647, 1.495962230831969, 1.4902297108781104, 1.4606078320858524, 1.4312815338957543, 1.466458919469048, 1.4751120614070519], "train_acc": [0.060784313725490195, 0.3941176470588235, 0.592156862745098, 0.6607843137254902, 0.7235294117647059, 0.7647058823529411, 0.7656862745098039, 0.8009803921568628, 0.7823529411764706, 0.8049019607843138, 0.7823529411764706, 0.7941176470588235, 0.8107843137254902, 0.7872549019607843, 0.792156862745098, 0.792156862745098, 0.7892156862745098, 0.8098039215686275, 0.8009803921568628, 0.8068627450980392], "val_loss": [3.9012083511726527, 3.2610676933737364, 2.7511421184913787, 2.384670421188953, 2.086280351526597, 1.8622397637834736, 1.6888895852893007, 1.6674739772198246, 1.6506902100993137, 1.6270662490059347, 1.6380965022479788, 1.6103696229411106, 1.5417558193206786, 1.5925343340518427, 1.5623685074787514, 1.573749746060839, 1.586147375200309, 1.582872355218027, 1.5351949369206148, 1.5994795766531253], "val_acc": [0.37254901960784315, 0.5980392156862745, 0.6803921568627451, 0.7166666666666667, 0.7450980392156863, 0.7715686274509804, 0.7735294117647059, 0.7823529411764706, 0.7862745098039216, 0.7813725490196078, 0.7901960784313725, 0.7901960784313725, 0.792156862745098, 0.7901960784313725, 0.7901960784313725, 0.7892156862745098, 0.7911764705882353, 0.7941176470588235, 0.7970588235294117, 0.8019607843137255]}